162,16,1
352,16,1
140,16,1
21,16,1
49,16,1
149,16,1
335,16,1
9,16,1
18,16,1
50,16,1
147,16,1
56,16,1
415,24,1
69,33,1
70,33,1
27,33,1
24,35,1
10,35,1
29,35,1
30,35,1
160,38,1
178,38,1
15,45,1
140,50,1
23,50,1
9,50,1
10,50,1
211,50,1
212,50,1
28,50,1
30,50,1
218,50,1
176,50,1
36,50,1
39,50,1
14,50,1
44,50,1
125,50,1
226,50,1
79,50,1
233,50,1
272,50,1
277,50,1
278,50,1
117,63,1
118,63,1
119,63,1
59,63,1
163,63,1
164,63,1
8,63,1
175,63,1
11,63,1
158,63,1
39,63,1
76,63,1
230,63,1
199,63,1
242,63,1
183,63,1
252,63,1
326,63,1
235,71,1
120,80,1
22,82,1
11,82,1
35,82,1
116,82,1
219,86,1
9,91,1
10,91,1
24,95,1
10,95,1
117,97,1
140,105,1
24,105,1
18,105,1
19,105,1
12,105,1
47,105,1
131,105,1
255,105,1
112,105,1
24,107,1
18,107,1
19,107,1
12,107,1
32,107,1
167,107,1
222,107,1
14,107,1
47,107,1
234,107,1
178,107,1
28,120,1
43,120,1
224,120,1
118,123,1
143,123,1
176,123,1
34,123,1
40,123,1
44,123,1
358,123,1
79,123,1
240,123,1
131,123,1
68,132,1
19,132,1
5,132,1
40,140,1
92,140,1
86,146,1
42,147,1
37,148,1
38,148,1
52,148,1
405,153,1
133,153,1
184,153,1
24,163,1
305,163,1
13,163,1
77,163,1
135,165,1
17,185,1
173,185,1
171,210,1
23,210,1
24,210,1
28,210,1
219,210,1
14,210,1
77,210,1
425,210,1
91,210,1
95,210,1
426,210,1
415,210,1
71,214,1
12,216,1
145,216,1
224,216,1
47,216,1
5,216,1
154,216,1
68,216,1
11,216,1
13,216,1
345,216,1
158,216,1
43,216,1
83,216,1
111,216,1
427,216,1
117,219,1
9,219,1
69,219,1
145,219,1
181,219,1
219,219,1
47,219,1
5,219,1
280,219,1
171,220,1
181,221,1
117,236,1
118,236,1
119,236,1
59,236,1
163,236,1
164,236,1
24,236,1
10,236,1
4,236,1
14,236,1
227,236,1
343,236,1
11,239,1
44,239,1
47,239,1
173,239,1
155,239,1
83,239,1
159,239,1
240,239,1
241,239,1
246,239,1
111,239,1
178,239,1
323,239,1
330,239,1
441,239,1
387,239,1
336,239,1
444,239,1
338,239,1
273,239,1
340,239,1
445,239,1
446,239,1
190,239,1
449,239,1
113,239,1
28,240,1
158,240,1
40,240,1
9,241,1
28,241,1
71,241,1
158,241,1
43,241,1
11,250,1
47,250,1
164,253,1
120,253,1
140,253,1
65,253,1
13,253,1
28,253,1
43,253,1
222,253,1
110,253,1
310,253,1
311,253,1
46,253,1
314,253,1
94,253,1
328,253,1
451,253,1
179,253,1
391,253,1
452,253,1
376,253,1
454,253,1
24,255,1
421,260,1
124,261,1
47,261,1
168,261,1
234,261,1
10,267,1
145,267,1
460,269,1
24,271,1
16,271,1
17,271,1
19,271,1
154,281,1
9,296,1
130,296,1
59,304,1
119,307,1
18,307,1
5,310,1
12,317,1
124,317,1
7,319,1
11,319,1
19,319,1
46,319,1
80,319,1
81,319,1
117,327,1
65,327,1
18,327,1
46,327,1
244,327,1
200,327,1
30,339,1
31,339,1
280,339,1
59,341,1
159,353,1
18,356,1
11,356,1
47,356,1
114,362,1
204,366,1
141,366,1
148,366,1
172,370,1
114,370,1
143,370,1
15,4,1
109,4,1
204,4,1
16,4,1
17,4,1
14,4,1
131,4,1
109,9,1
44,9,1
116,9,1
119,16,1
163,16,1
65,16,1
121,16,1
408,16,1
122,16,1
175,16,1
124,16,1
145,16,1
32,16,1
34,16,1
5,16,1
128,16,1
86,16,1
116,16,1
406,16,1
360,16,1
343,16,1
117,18,1
351,18,1
150,18,1
275,18,1
148,18,1
24,25,1
10,25,1
117,35,1
109,35,1
172,35,1
17,35,1
14,35,1
44,35,1
224,35,1
46,35,1
125,35,1
149,35,1
49,35,1
78,35,1
5,35,1
6,35,1
80,35,1
156,35,1
85,35,1
473,36,1
14,44,1
9,45,1
27,45,1
44,45,1
169,45,1
190,45,1
55,45,1
7,50,1
109,50,1
197,50,1
204,50,1
63,50,1
65,50,1
172,50,1
114,50,1
157,50,1
143,50,1
18,50,1
69,50,1
70,50,1
19,50,1
13,50,1
31,50,1
138,50,1
75,50,1
45,50,1
46,50,1
47,50,1
48,50,1
229,50,1
5,50,1
154,50,1
128,50,1
83,50,1
84,50,1
88,50,1
194,50,1
131,50,1
132,50,1
134,50,1
244,50,1
245,50,1
246,50,1
135,50,1
395,50,1
252,50,1
94,50,1
178,50,1
96,50,1
268,50,1
349,50,1
189,50,1
200,50,1
342,50,1
56,50,1
280,50,1
78,62,1
22,63,1
350,63,1
14,63,1
44,63,1
46,63,1
125,63,1
106,63,1
19,68,1
339,68,1
376,68,1
16,69,1
9,69,1
10,69,1
33,69,1
5,69,1
154,69,1
96,69,1
19,79,1
14,79,1
148,79,1
39,82,1
14,82,1
46,82,1
125,82,1
149,82,1
33,86,1
68,90,1
130,90,1
86,90,1
136,90,1
163,91,1
19,91,1
114,95,1
18,95,1
166,95,1
19,95,1
28,95,1
308,95,1
46,95,1
316,95,1
153,95,1
55,95,1
47,101,1
14,105,1
109,106,1
371,106,1
18,106,1
69,106,1
11,106,1
216,106,1
14,106,1
44,106,1
227,106,1
86,106,1
131,106,1
140,107,1
121,107,1
165,107,1
175,107,1
143,107,1
11,107,1
124,107,1
30,107,1
138,107,1
168,107,1
227,107,1
77,107,1
127,107,1
5,107,1
6,107,1
155,107,1
156,107,1
236,107,1
88,107,1
131,107,1
132,107,1
244,107,1
252,107,1
95,107,1
294,107,1
112,107,1
296,107,1
394,107,1
55,107,1
56,107,1
280,107,1
14,110,1
219,119,1
113,119,1
9,120,1
10,120,1
220,120,1
50,120,1
63,126,1
19,126,1
204,132,1
88,132,1
135,137,1
349,137,1
7,140,1
22,140,1
120,140,1
204,140,1
157,140,1
18,140,1
69,140,1
28,140,1
357,140,1
71,140,1
33,140,1
2,140,1
138,140,1
39,140,1
43,140,1
14,140,1
44,140,1
46,140,1
125,140,1
47,140,1
149,140,1
77,140,1
234,140,1
134,140,1
247,140,1
93,140,1
102,140,1
273,140,1
189,140,1
107,140,1
202,140,1
13,142,1
56,142,1
142,146,1
14,146,1
46,146,1
125,146,1
163,147,1
141,147,1
357,147,1
138,147,1
14,147,1
44,147,1
6,147,1
239,147,1
95,147,1
147,147,1
106,147,1
56,147,1
14,148,1
42,159,1
117,163,1
164,163,1
15,163,1
63,163,1
1,163,1
180,163,1
16,163,1
175,163,1
10,163,1
18,163,1
19,163,1
30,163,1
308,163,1
14,163,1
358,163,1
46,163,1
125,163,1
227,163,1
48,163,1
49,163,1
5,163,1
79,163,1
80,163,1
81,163,1
155,163,1
156,163,1
177,163,1
86,163,1
88,163,1
131,163,1
246,163,1
95,163,1
19,167,1
14,174,1
23,182,1
24,185,1
16,185,1
9,185,1
10,185,1
18,185,1
68,185,1
19,185,1
28,185,1
20,185,1
14,185,1
46,185,1
47,185,1
88,185,1
96,185,1
55,185,1
146,191,1
11,197,1
86,197,1
12,205,1
117,210,1
142,210,1
12,210,1
34,210,1
158,210,1
47,210,1
227,210,1
275,210,1
55,210,1
117,211,1
19,211,1
216,211,1
47,211,1
18,214,1
69,214,1
19,214,1
36,214,1
224,214,1
47,214,1
19,216,1
88,216,1
216,216,1
29,216,1
6,216,1
50,216,1
342,216,1
63,219,1
24,219,1
172,219,1
25,219,1
11,219,1
405,219,1
19,219,1
73,219,1
75,219,1
229,219,1
431,219,1
400,219,1
130,219,1
86,219,1
316,219,1
379,219,1
244,219,1
55,219,1
433,227,1
434,227,1
354,227,1
189,227,1
7,232,1
13,232,1
32,232,1
46,232,1
149,232,1
395,232,1
162,236,1
1,236,1
17,236,1
175,236,1
69,236,1
70,236,1
27,236,1
150,236,1
48,236,1
156,236,1
50,236,1
494,236,1
298,238,1
192,238,1
246,238,1
275,238,1
190,238,1
28,243,1
158,243,1
43,243,1
14,243,1
47,246,1
175,248,1
68,248,1
19,248,1
13,248,1
14,248,1
86,248,1
55,248,1
56,248,1
23,253,1
63,253,1
10,253,1
11,253,1
19,253,1
124,253,1
357,253,1
138,253,1
39,253,1
40,253,1
42,253,1
150,253,1
14,253,1
358,253,1
85,253,1
194,253,1
135,253,1
256,253,1
152,253,1
353,253,1
267,253,1
148,253,1
121,255,1
118,260,1
12,260,1
13,260,1
28,260,1
216,260,1
29,260,1
75,260,1
43,260,1
48,260,1
425,260,1
130,260,1
86,260,1
456,260,1
427,260,1
163,261,1
142,261,1
10,261,1
11,261,1
32,261,1
227,261,1
77,261,1
201,261,1
134,261,1
296,261,1
15,264,1
16,264,1
17,264,1
150,264,1
204,267,1
157,267,1
124,267,1
357,267,1
33,267,1
222,267,1
360,267,1
35,269,1
14,269,1
117,271,1
163,271,1
15,271,1
22,271,1
306,271,1
143,271,1
18,271,1
11,271,1
345,271,1
36,271,1
167,271,1
308,271,1
20,271,1
43,271,1
14,271,1
47,271,1
149,271,1
6,271,1
79,271,1
246,271,1
135,271,1
3,271,1
427,271,1
28,281,1
43,281,1
47,281,1
204,296,1
24,296,1
114,296,1
121,296,1
18,296,1
11,296,1
28,296,1
29,296,1
46,296,1
47,296,1
154,296,1
79,296,1
83,296,1
239,296,1
88,296,1
131,296,1
189,296,1
58,296,1
18,299,1
19,299,1
163,301,1
69,303,1
36,303,1
138,303,1
14,303,1
149,303,1
77,303,1
234,303,1
243,303,1
169,303,1
117,304,1
120,304,1
114,304,1
121,304,1
165,304,1
8,304,1
10,304,1
37,304,1
38,304,1
39,304,1
40,304,1
42,304,1
14,304,1
110,304,1
224,304,1
47,304,1
149,304,1
130,304,1
238,304,1
395,304,1
56,304,1
140,307,1
204,307,1
63,307,1
24,307,1
306,307,1
10,307,1
11,307,1
19,307,1
30,307,1
34,307,1
2,307,1
358,307,1
46,307,1
47,307,1
227,307,1
48,307,1
49,307,1
77,307,1
88,307,1
111,307,1
96,307,1
407,307,1
339,307,1
106,307,1
107,307,1
360,307,1
280,307,1
24,310,1
213,310,1
26,310,1
219,310,1
224,310,1
46,310,1
127,310,1
154,310,1
128,310,1
79,310,1
80,310,1
130,310,1
243,310,1
90,310,1
118,327,1
8,327,1
37,327,1
39,327,1
44,327,1
125,327,1
81,327,1
87,327,1
146,327,1
131,327,1
262,327,1
407,327,1
9,330,1
47,330,1
72,336,1
43,336,1
163,353,1
121,353,1
122,353,1
28,353,1
29,353,1
36,353,1
182,353,1
224,353,1
156,353,1
88,353,1
185,353,1
106,353,1
148,353,1
55,353,1
2,354,1
5,354,1
5,355,1
204,356,1
16,356,1
19,356,1
12,356,1
30,356,1
176,356,1
374,356,1
86,356,1
116,356,1
178,356,1
349,356,1
117,366,1
121,366,1
10,366,1
19,366,1
224,366,1
46,366,1
149,366,1
49,366,1
78,366,1
228,366,1
6,366,1
80,366,1
156,366,1
89,366,1
192,369,1
8,370,1
68,370,1
19,370,1
163,376,1
19,376,1
13,376,1
33,376,1
39,376,1
41,376,1
150,376,1
14,376,1
5,376,1
80,376,1
50,376,1
1,4,1
18,4,1
47,4,1
178,4,1
189,4,1
55,4,1
26,16,1
84,18,1
18,35,1
68,35,1
28,35,1
173,35,1
88,35,1
177,36,1
121,38,1
18,38,1
68,38,1
168,38,1
126,38,1
190,38,1
14,49,1
117,50,1
163,50,1
120,50,1
121,50,1
209,50,1
8,50,1
72,50,1
167,50,1
37,50,1
38,50,1
221,50,1
40,50,1
42,50,1
43,50,1
222,50,1
110,50,1
168,50,1
126,50,1
130,50,1
248,50,1
249,50,1
169,50,1
279,50,1
193,57,1
194,57,1
120,63,1
24,63,1
208,63,1
306,63,1
143,63,1
26,63,1
214,63,1
40,63,1
49,63,1
154,63,1
234,63,1
238,63,1
240,63,1
241,63,1
91,63,1
286,63,1
287,63,1
289,63,1
290,63,1
291,63,1
292,63,1
293,63,1
247,63,1
95,63,1
354,63,1
272,63,1
273,63,1
105,63,1
355,63,1
56,63,1
36,69,1
10,77,1
37,79,1
168,80,1
8,82,1
33,82,1
38,82,1
14,83,1
23,86,1
47,86,1
22,91,1
121,91,1
8,91,1
38,91,1
204,95,1
150,95,1
14,95,1
125,95,1
349,95,1
22,97,1
140,97,1
24,97,1
32,97,1
39,97,1
168,97,1
5,97,1
89,97,1
335,97,1
201,106,1
60,107,1
9,107,1
10,107,1
311,107,1
421,107,1
78,109,1
118,112,1
120,123,1
121,123,1
175,123,1
18,123,1
68,123,1
14,123,1
182,123,1
125,123,1
47,123,1
238,123,1
386,123,1
14,126,1
204,131,1
88,131,1
14,132,1
395,132,1
14,136,1
140,140,1
121,140,1
26,140,1
214,140,1
55,140,1
124,147,1
13,147,1
30,147,1
18,148,1
19,148,1
224,153,1
13,160,1
357,160,1
227,160,1
252,160,1
120,163,1
33,163,1
36,163,1
222,163,1
224,163,1
47,163,1
229,163,1
234,163,1
3,163,1
202,163,1
56,163,1
51,182,1
59,185,1
204,185,1
121,185,1
182,185,1
14,186,1
121,191,1
182,191,1
1,210,1
19,210,1
73,210,1
238,210,1
427,210,1
190,210,1
24,212,1
19,212,1
28,212,1
71,212,1
158,212,1
43,212,1
12,214,1
28,214,1
158,214,1
41,214,1
43,214,1
223,214,1
6,214,1
425,214,1
18,216,1
69,216,1
36,216,1
14,216,1
46,216,1
125,216,1
126,216,1
86,216,1
425,216,1
55,216,1
28,218,1
71,218,1
158,218,1
43,218,1
171,219,1
44,219,1
46,219,1
125,219,1
118,221,1
119,221,1
140,221,1
12,221,1
124,221,1
47,221,1
86,221,1
19,222,1
5,227,1
154,227,1
204,232,1
47,232,1
121,236,1
19,236,1
28,236,1
30,236,1
71,236,1
167,236,1
158,236,1
43,236,1
1,238,1
59,239,1
305,239,1
306,239,1
175,239,1
281,239,1
357,239,1
36,239,1
167,239,1
4,239,1
39,239,1
20,239,1
168,239,1
79,239,1
93,239,1
362,239,1
365,239,1
426,239,1
414,239,1
442,239,1
443,239,1
271,239,1
337,239,1
367,239,1
275,239,1
341,239,1
447,239,1
448,239,1
11,240,1
13,240,1
71,240,1
43,240,1
14,240,1
19,241,1
216,241,1
19,243,1
46,243,1
19,244,1
28,244,1
71,244,1
158,244,1
43,244,1
14,246,1
55,246,1
69,252,1
30,252,1
31,252,1
176,252,1
34,252,1
225,252,1
94,252,1
280,252,1
119,253,1
301,253,1
1,253,1
372,253,1
175,253,1
18,253,1
26,253,1
31,253,1
345,253,1
71,253,1
224,253,1
79,253,1
156,253,1
177,253,1
86,253,1
315,253,1
89,253,1
240,253,1
241,253,1
91,253,1
174,253,1
413,253,1
270,253,1
272,253,1
453,253,1
113,253,1
272,255,1
114,258,1
69,260,1
221,260,1
14,260,1
46,260,1
272,260,1
58,260,1
24,261,1
18,261,1
68,261,1
19,261,1
2,261,1
14,261,1
224,261,1
318,261,1
174,261,1
458,261,1
459,261,1
384,269,1
65,271,1
150,271,1
44,271,1
224,271,1
177,271,1
14,289,1
316,296,1
157,299,1
216,299,1
47,299,1
294,299,1
32,303,1
22,307,1
121,307,1
71,307,1
32,307,1
33,307,1
220,307,1
42,307,1
14,307,1
44,307,1
252,307,1
116,307,1
36,310,1
9,319,1
10,319,1
30,319,1
14,319,1
47,319,1
49,319,1
252,319,1
86,325,1
362,325,1
22,327,1
121,327,1
14,327,1
47,327,1
91,327,1
286,327,1
287,327,1
289,327,1
290,327,1
291,327,1
292,327,1
293,327,1
473,330,1
18,330,1
68,330,1
19,330,1
14,330,1
429,330,1
306,333,1
17,339,1
175,339,1
150,342,1
120,353,1
305,353,1
68,353,1
12,353,1
124,353,1
176,353,1
168,353,1
5,353,1
175,355,1
9,356,1
68,366,1
14,366,1
193,369,1
194,369,1
59,370,1
18,370,1
26,370,1
214,370,1
37,370,1
38,370,1
224,370,1
46,370,1
125,370,1
281,371,1
14,36,1
109,45,1
158,50,1
37,86,1
173,91,1
88,140,1
11,185,1
41,219,1
45,219,1
177,219,1
68,243,1
236,243,1
138,304,1
142,327,1
5,2,1
15,36,1
168,36,1
149,36,1
118,50,1
123,50,1
308,50,1
236,50,1
260,50,1
375,50,1
167,95,1
47,95,1
7,105,1
120,124,1
131,126,1
109,140,1
73,140,1
223,140,1
22,146,1
10,146,1
30,146,1
43,146,1
12,147,1
12,198,1
13,210,1
216,210,1
216,219,1
18,221,1
46,240,1
225,240,1
11,241,1
420,243,1
110,243,1
47,243,1
225,243,1
127,243,1
238,243,1
85,243,1
294,243,1
196,243,1
44,253,1
117,260,1
71,260,1
117,269,1
118,269,1
119,269,1
59,269,1
163,269,1
164,269,1
145,269,1
181,269,1
17,303,1
150,303,1
162,304,1
181,307,1
71,341,1
77,356,1
17,36,1
19,45,1
68,50,1
12,50,1
29,50,1
358,62,1
145,82,1
119,146,1
31,205,1
227,211,1
46,214,1
109,219,1
68,219,1
131,219,1
190,219,1
31,236,1
39,236,1
280,236,1
72,240,1
44,240,1
88,241,1
39,243,1
68,327,1
35,327,1
106,327,1
122,336,1
19,382,1
281,382,1
150,382,1
160,382,1
362,382,1
295,382,1
171,35,2
23,35,2
27,35,2
171,45,2
141,45,2
122,45,2
176,45,2
38,45,2
88,45,2
51,45,2
148,45,2
59,50,2
166,50,2
26,50,2
219,50,2
220,50,2
76,50,2
78,50,2
50,50,2
234,50,2
177,50,2
51,50,2
146,50,2
172,62,2
122,62,2
8,62,2
37,62,2
39,62,2
131,62,2
88,63,2
51,63,2
146,63,2
15,66,2
16,66,2
141,79,2
38,79,2
88,82,2
316,82,2
194,82,2
52,82,2
172,91,2
88,91,2
69,119,2
27,119,2
72,119,2
37,119,2
308,119,2
137,123,2
8,126,2
88,126,2
51,126,2
146,126,2
23,140,2
180,140,2
122,140,2
123,140,2
8,140,2
145,140,2
36,140,2
220,140,2
182,140,2
6,140,2
154,140,2
80,140,2
51,140,2
146,140,2
91,140,2
53,140,2
327,140,2
148,140,2
113,140,2
69,142,2
27,142,2
72,142,2
37,142,2
308,142,2
182,142,2
146,142,2
60,146,2
122,146,2
166,146,2
144,146,2
145,146,2
173,146,2
60,147,2
43,147,2
358,147,2
166,167,2
27,167,2
169,167,2
267,167,2
220,174,2
42,174,2
14,191,2
51,210,2
110,216,2
149,216,2
51,216,2
146,216,2
148,216,2
12,219,2
28,219,2
176,219,2
158,219,2
220,219,2
40,219,2
43,219,2
415,219,2
384,219,2
88,221,2
51,221,2
146,221,2
91,227,2
194,232,2
117,232,2
136,232,2
60,236,2
207,236,2
172,236,2
122,236,2
220,236,2
5,236,2
6,236,2
154,236,2
131,236,2
19,240,2
19,246,2
18,248,2
29,248,2
219,252,2
148,252,2
351,253,2
50,253,2
51,255,2
146,255,2
19,260,2
40,260,2
122,290,2
239,290,2
69,301,2
172,303,2
177,303,2
245,303,2
184,303,2
185,303,2
482,303,2
219,304,2
155,304,2
88,304,2
51,304,2
146,304,2
51,307,2
146,307,2
141,327,2
467,327,2
172,327,2
17,327,2
10,327,2
69,327,2
34,327,2
73,327,2
42,327,2
225,327,2
126,327,2
5,327,2
50,327,2
88,327,2
51,327,2
94,327,2
40,342,2
110,342,2
69,360,2
138,369,2
142,24,4
69,24,4
70,24,4
27,24,4
151,24,4
152,24,4
153,24,4
18,30,4
18,33,4
157,45,4
10,45,4
18,45,4
14,45,4
78,45,4
1,50,4
210,50,4
71,50,4
2,50,4
77,50,4
173,50,4
191,50,4
230,50,4
199,50,4
231,50,4
80,50,4
155,50,4
238,50,4
242,50,4
195,50,4
52,50,4
151,50,4
253,50,4
3,50,4
264,50,4
465,50,4
486,50,4
271,50,4
55,50,4
18,62,4
18,63,4
166,63,4
77,63,4
3,68,4
20,69,4
242,69,4
65,72,4
281,72,4
2,90,4
15,95,4
225,95,4
235,95,4
3,95,4
59,97,4
2,97,4
73,97,4
378,101,4
110,105,4
187,105,4
351,107,4
18,109,4
18,110,4
2,110,4
51,110,4
380,115,4
18,119,4
38,119,4
39,119,4
52,119,4
117,120,4
118,120,4
119,120,4
59,120,4
163,120,4
164,120,4
65,120,4
24,120,4
265,120,4
266,120,4
267,120,4
196,120,4
331,120,4
382,120,4
383,120,4
268,120,4
18,126,4
3,126,4
1,140,4
166,140,4
281,140,4
110,140,4
315,140,4
246,140,4
96,140,4
482,140,4
486,140,4
377,140,4
488,140,4
18,142,4
18,146,4
404,148,4
179,150,4
262,150,4
263,150,4
264,150,4
265,150,4
266,150,4
196,150,4
331,150,4
382,150,4
383,150,4
268,150,4
18,159,4
166,159,4
360,159,4
11,167,4
12,167,4
14,167,4
46,167,4
125,167,4
193,167,4
194,167,4
200,167,4
421,183,4
151,183,4
50,185,4
270,185,4
340,185,4
19,186,4
18,196,4
51,196,4
146,196,4
257,197,4
18,209,4
175,210,4
217,216,4
150,216,4
78,216,4
146,218,4
54,218,4
175,219,4
346,219,4
18,236,4
166,236,4
2,236,4
77,236,4
409,236,4
364,236,4
246,236,4
322,236,4
271,236,4
273,236,4
18,241,4
175,243,4
149,243,4
2,246,4
325,246,4
210,253,4
122,253,4
30,253,4
158,253,4
37,253,4
38,253,4
45,253,4
48,253,4
173,253,4
191,253,4
230,253,4
199,253,4
231,253,4
80,253,4
155,253,4
234,253,4
84,253,4
238,253,4
242,253,4
195,253,4
52,253,4
253,253,4
56,253,4
18,258,4
245,261,4
135,269,4
166,271,4
223,271,4
177,277,4
18,281,4
26,281,4
214,281,4
51,281,4
146,281,4
88,290,4
49,296,4
77,296,4
51,301,4
146,301,4
343,301,4
7,303,4
351,303,4
28,303,4
158,303,4
43,303,4
210,304,4
18,304,4
68,304,4
26,304,4
28,304,4
71,304,4
32,304,4
158,304,4
43,304,4
45,304,4
48,304,4
173,304,4
191,304,4
230,304,4
199,304,4
231,304,4
80,304,4
234,304,4
84,304,4
242,304,4
195,304,4
52,304,4
253,304,4
325,304,4
88,310,4
9,327,4
77,327,4
316,327,4
321,330,4
271,336,4
51,341,4
146,341,4
4,353,4
150,353,4
76,353,4
18,360,4
139,366,4
166,370,4
489,372,4
18,376,4
166,376,4
3,376,4
28,36,4
158,36,4
43,36,4
106,50,4
154,57,4
6,63,4
36,79,4
88,105,4
11,109,4
178,140,4
141,146,4
41,147,4
246,147,4
18,150,4
114,163,4
11,163,4
135,174,4
16,186,4
65,212,4
175,212,4
12,212,4
124,216,4
128,236,4
12,240,4
379,240,4
12,245,4
210,252,4
345,252,4
421,252,4
163,253,4
50,255,4
5,264,4
154,264,4
10,269,4
121,303,4
50,304,4
110,310,4
15,327,4
109,327,4
24,327,4
12,327,4
40,327,4
41,327,4
219,370,4
19,5,4
65,18,4
24,33,4
14,33,4
280,45,4
75,57,4
46,71,4
125,71,4
225,77,4
56,79,4
48,86,4
14,89,4
117,91,4
118,91,4
119,91,4
59,91,4
164,91,4
23,119,4
225,140,4
405,146,4
118,163,4
11,210,4
14,214,4
28,216,4
14,219,4
55,221,4
14,227,4
28,252,4
158,252,4
28,261,4
23,271,4
50,271,4
88,271,4
172,296,4
14,296,4
30,304,4
368,304,4
138,307,4
125,307,4
120,317,4
71,327,4
148,327,4
19,362,4
150,16,4
216,35,4
5,36,4
125,45,4
202,45,4
227,50,4
53,50,4
109,63,4
110,66,4
150,66,4
18,77,4
30,77,4
78,79,4
14,86,4
28,91,4
71,91,4
158,91,4
43,91,4
52,105,4
182,107,4
42,119,4
29,140,4
239,140,4
165,146,4
47,146,4
149,146,4
148,146,4
31,147,4
158,147,4
45,147,4
160,147,4
280,147,4
6,160,4
121,163,4
182,163,4
28,167,4
71,167,4
158,167,4
43,167,4
68,191,4
46,191,4
44,205,4
50,208,4
65,210,4
148,210,4
75,212,4
55,212,4
65,219,4
114,219,4
131,231,4
129,236,4
449,253,4
18,260,4
158,260,4
1,269,4
73,269,4
42,269,4
79,281,4
304,290,4
14,290,4
165,296,4
125,296,4
88,299,4
2,303,4
110,303,4
92,303,4
253,303,4
453,303,4
148,303,4
55,303,4
404,304,4
1,304,4
46,304,4
93,304,4
23,307,4
40,307,4
303,327,4
173,327,4
425,327,4
65,341,4
53,341,4
36,362,4
13,5,4
106,9,4
13,16,4
88,16,4
19,30,4
126,33,4
46,34,4
120,35,4
11,35,4
157,44,4
61,45,4
204,45,4
65,45,4
123,45,4
49,45,4
130,45,4
52,45,4
113,45,4
239,50,4
139,50,4
325,50,4
256,50,4
281,63,4
2,63,4
42,63,4
223,63,4
395,63,4
216,66,4
15,69,4
223,69,4
44,77,4
227,77,4
23,79,4
68,79,4
27,79,4
177,79,4
134,79,4
52,79,4
107,79,4
204,82,4
65,82,4
1,91,4
36,91,4
39,91,4
42,91,4
135,91,4
165,95,4
5,105,4
7,107,4
149,107,4
12,109,4
77,119,4
162,120,4
38,120,4
5,121,4
40,131,4
149,132,4
117,140,4
17,140,4
175,140,4
19,140,4
12,140,4
78,140,4
79,140,4
193,140,4
417,140,4
294,140,4
253,140,4
19,146,4
13,146,4
40,146,4
5,146,4
117,147,4
162,147,4
16,147,4
306,147,4
157,147,4
11,147,4
144,147,4
88,147,4
316,147,4
194,147,4
395,147,4
255,147,4
326,147,4
487,147,4
160,159,4
77,185,4
5,185,4
117,186,4
118,186,4
119,186,4
59,186,4
163,186,4
164,186,4
343,186,4
47,191,4
148,191,4
14,198,4
110,205,4
165,206,4
9,210,4
88,210,4
11,214,4
51,219,4
18,227,4
6,227,4
124,232,4
35,232,4
53,232,4
106,232,4
68,236,4
73,236,4
84,236,4
88,236,4
146,236,4
106,236,4
305,238,4
265,240,4
13,246,4
265,246,4
141,252,4
180,252,4
25,252,4
150,252,4
70,253,4
12,253,4
72,253,4
88,253,4
146,253,4
295,253,4
28,255,4
5,260,4
8,290,4
44,299,4
125,299,4
168,299,4
163,303,4
109,303,4
60,303,4
22,303,4
141,303,4
65,303,4
165,303,4
157,303,4
9,303,4
11,303,4
30,303,4
225,303,4
401,303,4
51,303,4
174,303,4
112,303,4
118,304,4
109,304,4
65,304,4
305,304,4
19,304,4
150,304,4
5,304,4
183,304,4
362,304,4
256,307,4
106,310,4
405,327,4
36,327,4
149,327,4
78,327,4
6,327,4
79,327,4
234,327,4
53,327,4
281,340,4
141,341,4
1,341,4
24,362,4
148,362,4
24,370,4
36,370,4
358,370,4
12,4,3
216,5,3
29,5,3
109,16,3
60,16,3
120,16,3
141,16,3
165,16,3
123,16,3
71,16,3
36,16,3
14,16,3
76,16,3
125,16,3
173,16,3
154,16,3
238,16,3
146,16,3
131,16,3
96,16,3
438,16,3
327,16,3
200,16,3
394,16,3
148,16,3
279,16,3
55,16,3
75,22,3
43,22,3
21,25,3
12,25,3
42,25,3
79,25,3
319,25,3
343,25,3
12,30,3
10,33,3
19,33,3
12,33,3
55,33,3
56,33,3
22,34,3
141,34,3
122,34,3
224,34,3
118,35,3
163,35,3
60,35,3
204,35,3
16,35,3
210,35,3
19,35,3
13,35,3
158,35,3
75,35,3
150,35,3
310,35,3
47,35,3
227,35,3
234,35,3
316,35,3
320,35,3
255,35,3
3,35,3
112,35,3
147,35,3
148,35,3
113,35,3
138,36,3
219,36,3
80,36,3
379,36,3
56,41,3
120,41,3
48,41,3
10,41,3
14,41,3
47,41,3
19,43,3
38,43,3
125,43,3
92,44,3
118,45,3
60,45,3
203,45,3
120,45,3
23,45,3
24,45,3
172,45,3
16,45,3
143,45,3
13,45,3
158,45,3
40,45,3
150,45,3
222,45,3
110,45,3
223,45,3
126,45,3
227,45,3
149,45,3
77,45,3
154,45,3
234,45,3
244,45,3
320,45,3
173,49,3
106,49,3
15,50,3
60,50,3
22,50,3
171,50,3
141,50,3
205,50,3
206,50,3
24,50,3
142,50,3
180,50,3
208,50,3
16,50,3
17,50,3
306,50,3
122,50,3
165,50,3
175,50,3
213,50,3
11,50,3
27,50,3
144,50,3
124,50,3
216,50,3
145,50,3
357,50,3
307,50,3
33,50,3
34,50,3
35,50,3
41,50,3
150,50,3
223,50,3
224,50,3
225,50,3
149,50,3
49,50,3
228,50,3
6,50,3
81,50,3
364,50,3
237,50,3
421,50,3
86,50,3
241,50,3
193,50,3
91,50,3
318,50,3
417,50,3
251,50,3
319,50,3
136,50,3
321,50,3
362,50,3
255,50,3
262,50,3
265,50,3
266,50,3
267,50,3
196,50,3
426,50,3
368,50,3
274,50,3
276,50,3
137,50,3
384,50,3
148,50,3
202,50,3
113,50,3
14,54,3
230,57,3
24,62,3
40,62,3
42,62,3
14,62,3
110,62,3
50,62,3
88,62,3
316,62,3
295,62,3
387,62,3
7,63,3
204,63,3
141,63,3
180,63,3
165,63,3
9,63,3
10,63,3
69,63,3
19,63,3
12,63,3
216,63,3
31,63,3
176,63,3
37,63,3
41,63,3
150,63,3
225,63,3
126,63,3
149,63,3
79,63,3
80,63,3
193,63,3
135,63,3
52,63,3
152,63,3
376,63,3
280,63,3
158,66,3
75,66,3
14,66,3
319,66,3
280,66,3
17,66,3
11,66,3
91,66,3
22,69,3
14,69,3
79,69,3
88,69,3
88,72,3
162,77,3
306,77,3
165,77,3
133,77,3
169,77,3
140,79,3
114,79,3
165,79,3
9,79,3
11,79,3
13,79,3
41,79,3
42,79,3
44,79,3
110,79,3
223,79,3
50,79,3
88,79,3
116,79,3
76,80,3
6,80,3
120,82,3
143,82,3
69,82,3
27,82,3
13,82,3
28,82,3
158,82,3
42,82,3
43,82,3
110,82,3
48,82,3
49,82,3
6,82,3
486,82,3
15,85,3
88,85,3
271,85,3
10,86,3
31,86,3
223,86,3
46,86,3
158,89,3
50,89,3
141,90,3
24,90,3
19,90,3
36,90,3
5,90,3
24,91,3
16,91,3
41,91,3
14,91,3
46,91,3
227,91,3
79,91,3
50,91,3
314,91,3
238,91,3
256,91,3
164,95,3
405,95,3
124,95,3
138,95,3
224,95,3
238,95,3
239,95,3
88,95,3
395,95,3
95,95,3
333,95,3
406,95,3
377,95,3
204,97,3
9,97,3
33,97,3
121,101,3
14,101,3
182,101,3
128,102,3
15,105,3
114,105,3
16,105,3
68,105,3
28,105,3
357,105,3
158,105,3
37,105,3
38,105,3
41,105,3
77,105,3
6,105,3
154,105,3
362,105,3
55,105,3
166,106,3
168,106,3
126,106,3
119,107,3
302,107,3
28,107,3
217,107,3
220,107,3
38,107,3
126,107,3
147,107,3
343,107,3
24,109,3
27,109,3
36,109,3
222,109,3
5,109,3
6,109,3
234,109,3
19,112,3
117,119,3
118,119,3
119,119,3
59,119,3
163,119,3
164,119,3
109,119,3
305,119,3
176,119,3
41,119,3
50,119,3
146,119,3
91,119,3
23,120,3
210,120,3
12,120,3
31,120,3
32,120,3
36,120,3
73,120,3
138,120,3
39,120,3
168,120,3
126,120,3
204,121,3
14,121,3
343,121,3
7,126,3
109,126,3
9,126,3
10,126,3
11,126,3
357,126,3
158,126,3
40,126,3
42,126,3
110,126,3
224,126,3
154,126,3
128,126,3
194,126,3
391,126,3
202,126,3
343,126,3
113,126,3
23,132,3
143,132,3
11,132,3
30,132,3
77,132,3
6,132,3
154,132,3
81,132,3
131,132,3
483,132,3
148,132,3
194,134,3
52,134,3
267,134,3
306,137,3
163,140,3
15,140,3
60,140,3
21,140,3
404,140,3
141,140,3
65,140,3
24,140,3
473,140,3
302,140,3
142,140,3
304,140,3
114,140,3
305,140,3
16,140,3
9,140,3
143,140,3
10,140,3
68,140,3
11,140,3
27,140,3
124,140,3
13,140,3
216,140,3
30,140,3
31,140,3
32,140,3
35,140,3
158,140,3
75,140,3
37,140,3
38,140,3
41,140,3
42,140,3
150,140,3
311,140,3
224,140,3
168,140,3
126,140,3
48,140,3
173,140,3
5,140,3
128,140,3
201,140,3
401,140,3
425,140,3
130,140,3
84,140,3
89,140,3
160,140,3
316,140,3
194,140,3
131,140,3
379,140,3
244,140,3
139,140,3
52,140,3
136,140,3
255,140,3
112,140,3
256,140,3
326,140,3
433,140,3
402,140,3
403,140,3
481,140,3
367,140,3
272,140,3
106,140,3
342,140,3
56,140,3
120,142,3
140,142,3
24,142,3
19,142,3
158,142,3
75,142,3
227,142,3
131,142,3
362,142,3
169,142,3
163,146,3
109,146,3
171,146,3
23,146,3
351,146,3
65,146,3
172,146,3
180,146,3
17,146,3
306,146,3
210,146,3
123,146,3
9,146,3
143,146,3
69,146,3
27,146,3
124,146,3
28,146,3
216,146,3
29,146,3
181,146,3
71,146,3
34,146,3
36,146,3
158,146,3
42,146,3
44,146,3
182,146,3
223,146,3
76,146,3
126,146,3
227,146,3
48,146,3
374,146,3
6,146,3
191,146,3
230,146,3
199,146,3
231,146,3
80,146,3
50,146,3
364,146,3
314,146,3
425,146,3
88,146,3
242,146,3
52,146,3
184,146,3
112,146,3
256,146,3
330,146,3
382,146,3
332,146,3
147,146,3
415,146,3
385,146,3
202,146,3
56,146,3
197,147,3
22,147,3
120,147,3
140,147,3
171,147,3
297,147,3
298,147,3
65,147,3
142,147,3
305,147,3
17,147,3
408,147,3
123,147,3
8,147,3
9,147,3
10,147,3
68,147,3
166,147,3
27,147,3
19,147,3
28,147,3
29,147,3
181,147,3
34,147,3
35,147,3
36,147,3
220,147,3
37,147,3
38,147,3
39,147,3
40,147,3
110,147,3
223,147,3
46,147,3
125,147,3
47,147,3
168,147,3
126,147,3
48,147,3
149,147,3
49,147,3
77,147,3
5,147,3
191,147,3
230,147,3
199,147,3
79,147,3
156,147,3
50,147,3
234,147,3
83,147,3
201,147,3
401,147,3
130,147,3
315,147,3
193,147,3
183,147,3
195,147,3
139,147,3
174,147,3
53,147,3
252,147,3
116,147,3
136,147,3
362,147,3
359,147,3
267,147,3
480,147,3
295,147,3
270,147,3
386,147,3
367,147,3
276,147,3
385,147,3
148,147,3
55,147,3
202,147,3
57,147,3
69,148,3
31,148,3
157,150,3
234,152,3
195,152,3
18,153,3
31,153,3
167,153,3
159,153,3
427,153,3
14,155,3
7,159,3
117,159,3
118,159,3
119,159,3
59,159,3
162,159,3
163,159,3
164,159,3
23,159,3
16,159,3
306,159,3
9,159,3
10,159,3
12,159,3
2,159,3
39,159,3
14,159,3
358,159,3
78,159,3
50,159,3
131,159,3
359,159,3
7,163,3
197,163,3
65,163,3
71,163,3
72,163,3
138,163,3
158,163,3
75,163,3
110,163,3
149,163,3
380,163,3
239,163,3
247,163,3
169,163,3
186,163,3
28,166,3
71,166,3
158,166,3
43,166,3
9,174,3
177,174,3
321,174,3
440,174,3
18,182,3
11,182,3
110,182,3
224,182,3
88,182,3
117,185,3
197,185,3
13,185,3
75,185,3
41,185,3
177,185,3
135,185,3
247,185,3
112,185,3
271,185,3
15,186,3
17,186,3
46,186,3
117,191,3
118,191,3
119,191,3
59,191,3
163,191,3
164,191,3
197,191,3
420,191,3
1,191,3
65,191,3
172,191,3
25,191,3
175,191,3
9,191,3
18,191,3
69,191,3
11,191,3
19,191,3
28,191,3
216,191,3
29,191,3
30,191,3
33,191,3
34,191,3
35,191,3
219,191,3
40,191,3
41,191,3
76,191,3
125,191,3
126,191,3
48,191,3
149,191,3
5,191,3
6,191,3
50,191,3
177,191,3
200,191,3
166,191,3
227,191,3
80,191,3
107,191,3
141,192,3
65,192,3
11,192,3
13,192,3
176,192,3
38,192,3
47,192,3
225,192,3
122,194,3
55,196,3
168,198,3
362,198,3
216,200,3
357,200,3
22,205,3
165,205,3
8,205,3
19,205,3
33,205,3
39,205,3
40,205,3
14,205,3
45,205,3
126,205,3
77,205,3
183,205,3
95,205,3
147,205,3
120,206,3
19,206,3
40,206,3
150,206,3
14,206,3
44,206,3
88,206,3
146,206,3
118,207,3
120,207,3
37,207,3
39,207,3
56,207,3
14,209,3
140,210,3
204,210,3
165,210,3
123,210,3
143,210,3
31,210,3
71,210,3
36,210,3
43,210,3
78,210,3
50,210,3
431,210,3
146,210,3
135,210,3
151,210,3
178,210,3
109,214,3
60,214,3
141,214,3
208,214,3
175,214,3
216,214,3
73,214,3
238,214,3
268,214,3
453,214,3
200,214,3
113,214,3
120,216,3
114,216,3
71,216,3
165,216,3
215,216,3
24,217,3
216,217,3
1,219,3
142,219,3
18,219,3
166,219,3
13,219,3
29,219,3
71,219,3
34,219,3
36,219,3
223,219,3
168,219,3
77,219,3
78,219,3
314,219,3
88,219,3
395,219,3
362,219,3
470,219,3
5,220,3
79,220,3
24,221,3
30,221,3
72,221,3
175,222,3
11,222,3
158,222,3
47,222,3
19,226,3
204,227,3
65,227,3
24,227,3
19,227,3
35,227,3
36,227,3
138,227,3
37,227,3
311,227,3
46,227,3
225,227,3
168,227,3
88,227,3
256,227,3
148,227,3
280,227,3
113,227,3
124,231,3
60,232,3
351,232,3
65,232,3
24,232,3
121,232,3
70,232,3
19,232,3
30,232,3
138,232,3
37,232,3
223,232,3
50,232,3
54,232,3
256,232,3
412,232,3
17,232,3
131,232,3
7,236,3
109,236,3
22,236,3
171,236,3
23,236,3
141,236,3
180,236,3
436,236,3
306,236,3
25,236,3
210,236,3
123,236,3
157,236,3
9,236,3
143,236,3
11,236,3
144,236,3
13,236,3
145,236,3
357,236,3
33,236,3
176,236,3
36,236,3
37,236,3
38,236,3
40,236,3
42,236,3
44,236,3
182,236,3
311,236,3
224,236,3
46,236,3
125,236,3
47,236,3
168,236,3
149,236,3
49,236,3
79,236,3
80,236,3
314,236,3
130,236,3
239,236,3
86,236,3
51,236,3
240,236,3
241,236,3
193,236,3
183,236,3
139,236,3
53,236,3
178,236,3
320,236,3
254,236,3
362,236,3
169,236,3
256,236,3
438,236,3
328,236,3
268,236,3
295,236,3
406,236,3
349,236,3
487,236,3
458,236,3
368,236,3
275,236,3
148,236,3
56,236,3
113,236,3
171,238,3
18,238,3
69,238,3
317,238,3
204,240,3
371,240,3
9,240,3
18,240,3
37,240,3
38,240,3
39,240,3
149,240,3
195,240,3
359,240,3
453,240,3
55,240,3
41,241,3
14,241,3
225,241,3
342,241,3
12,242,3
171,243,3
267,243,3
28,245,3
71,245,3
158,245,3
43,245,3
47,248,3
48,248,3
149,248,3
77,248,3
194,248,3
438,248,3
296,248,3
19,250,3
46,250,3
125,250,3
65,252,3
76,252,3
224,252,3
83,252,3
201,252,3
88,252,3
195,252,3
184,252,3
255,252,3
7,253,3
117,253,3
118,253,3
59,253,3
60,253,3
141,253,3
24,253,3
9,253,3
69,253,3
34,253,3
35,253,3
2,253,3
75,253,3
41,253,3
223,253,3
47,253,3
126,253,3
149,253,3
5,253,3
421,253,3
239,253,3
51,253,3
131,253,3
185,253,3
254,253,3
480,253,3
335,253,3
137,253,3
343,253,3
225,254,3
130,254,3
318,255,3
245,255,3
118,258,3
122,260,3
167,260,3
138,260,3
125,260,3
395,260,3
204,261,3
121,261,3
167,261,3
5,261,3
417,261,3
362,261,3
9,264,3
50,264,3
48,265,3
364,265,3
160,265,3
242,265,3
12,267,3
234,267,3
28,269,3
43,269,3
224,269,3
168,269,3
140,271,3
13,271,3
28,271,3
216,271,3
69,278,3
109,281,3
143,281,3
42,281,3
110,281,3
373,281,3
190,281,3
343,281,3
5,289,3
154,289,3
171,290,3
23,290,3
10,290,3
144,290,3
12,290,3
28,290,3
145,290,3
31,290,3
71,290,3
33,290,3
158,290,3
40,290,3
42,290,3
43,290,3
44,290,3
46,290,3
78,290,3
6,290,3
401,290,3
130,290,3
84,290,3
51,290,3
89,290,3
131,290,3
92,290,3
185,290,3
169,290,3
485,290,3
360,290,3
10,296,3
68,296,3
34,296,3
6,296,3
86,296,3
12,297,3
122,298,3
65,299,3
172,299,3
114,299,3
10,299,3
12,299,3
13,299,3
215,299,3
138,299,3
158,299,3
41,299,3
14,299,3
227,299,3
149,299,3
80,299,3
85,299,3
316,299,3
194,299,3
148,299,3
55,299,3
343,299,3
42,301,3
126,301,3
15,303,3
140,303,3
23,303,3
64,303,3
1,303,3
24,303,3
142,303,3
16,303,3
210,303,3
122,303,3
175,303,3
143,303,3
10,303,3
144,303,3
19,303,3
12,303,3
216,303,3
29,303,3
31,303,3
33,303,3
176,303,3
35,303,3
4,303,3
75,303,3
38,303,3
221,303,3
40,303,3
41,303,3
42,303,3
20,303,3
311,303,3
223,303,3
224,303,3
47,303,3
227,303,3
48,303,3
49,303,3
5,303,3
409,303,3
128,303,3
191,303,3
79,303,3
364,303,3
201,303,3
130,303,3
85,303,3
421,303,3
239,303,3
88,303,3
146,303,3
131,303,3
379,303,3
318,303,3
183,303,3
115,303,3
244,303,3
139,303,3
53,303,3
395,303,3
136,303,3
295,303,3
376,303,3
276,303,3
137,303,3
56,303,3
280,303,3
7,304,3
119,304,3
15,304,3
22,304,3
141,304,3
302,304,3
16,304,3
17,304,3
25,304,3
408,304,3
122,304,3
69,304,3
166,304,3
361,304,3
27,304,3
144,304,3
13,304,3
29,304,3
31,304,3
357,304,3
345,304,3
217,304,3
176,304,3
167,304,3
44,304,3
182,304,3
125,304,3
225,304,3
168,304,3
126,304,3
77,304,3
6,304,3
79,304,3
314,304,3
316,304,3
134,304,3
115,304,3
417,304,3
178,304,3
169,304,3
161,304,3
256,304,3
335,304,3
484,304,3
273,304,3
385,304,3
148,304,3
343,304,3
31,306,3
126,306,3
280,306,3
164,307,3
109,307,3
120,307,3
171,307,3
64,307,3
351,307,3
1,307,3
302,307,3
305,307,3
123,307,3
8,307,3
9,307,3
68,307,3
69,307,3
70,307,3
27,307,3
144,307,3
28,307,3
29,307,3
145,307,3
31,307,3
167,307,3
37,307,3
38,307,3
39,307,3
221,307,3
150,307,3
43,307,3
182,307,3
310,307,3
311,307,3
223,307,3
225,307,3
126,307,3
5,307,3
154,307,3
128,307,3
314,307,3
130,307,3
139,307,3
362,307,3
169,307,3
368,307,3
189,307,3
113,307,3
119,310,3
17,310,3
42,310,3
156,310,3
51,310,3
93,310,3
12,311,3
44,315,3
140,317,3
121,317,3
13,317,3
14,317,3
139,317,3
60,327,3
120,327,3
204,327,3
64,327,3
25,327,3
210,327,3
165,327,3
166,327,3
11,327,3
27,327,3
19,327,3
124,327,3
28,327,3
30,327,3
31,327,3
357,327,3
217,327,3
461,327,3
167,327,3
4,327,3
158,327,3
38,327,3
43,327,3
222,327,3
223,327,3
168,327,3
49,327,3
154,327,3
128,327,3
155,327,3
364,327,3
314,327,3
315,327,3
52,327,3
116,327,3
253,327,3
254,327,3
255,327,3
112,327,3
470,327,3
445,327,3
471,327,3
189,327,3
137,327,3
56,327,3
57,327,3
280,327,3
343,327,3
7,330,3
114,330,3
165,330,3
11,330,3
29,330,3
35,330,3
40,330,3
44,330,3
49,330,3
50,330,3
113,330,3
419,331,3
14,336,3
94,336,3
1,339,3
38,339,3
139,339,3
117,341,3
60,341,3
120,341,3
10,341,3
29,341,3
31,341,3
43,341,3
48,341,3
149,341,3
5,341,3
194,341,3
15,342,3
22,342,3
5,342,3
154,342,3
245,342,3
34,355,3
221,355,3
79,355,3
65,356,3
10,356,3
68,356,3
44,356,3
79,356,3
50,356,3
88,356,3
277,356,3
199,360,3
157,362,3
13,362,3
51,362,3
146,362,3
362,362,3
18,366,3
216,366,3
175,370,3
10,370,3
11,370,3
216,370,3
32,370,3
158,370,3
39,370,3
14,370,3
48,370,3
6,370,3
230,370,3
155,370,3
400,370,3
186,370,3
124,371,3
38,371,3
136,371,3
141,376,3
19,4,3
426,15,3
336,15,3
19,16,3
182,16,3
6,16,3
8,18,3
37,18,3
15,33,3
204,33,3
397,33,3
200,33,3
148,33,3
18,34,3
19,34,3
77,34,3
295,34,3
140,35,3
121,35,3
306,35,3
408,35,3
143,35,3
191,35,3
421,35,3
115,35,3
139,35,3
184,35,3
185,35,3
93,35,3
120,36,3
48,36,3
56,36,3
14,43,3
11,45,3
345,45,3
42,45,3
82,45,3
295,45,3
7,49,3
46,49,3
125,49,3
201,49,3
88,49,3
404,50,3
477,50,3
371,50,3
352,50,3
463,50,3
73,50,3
285,50,3
425,50,3
87,50,3
160,50,3
316,50,3
379,50,3
183,50,3
254,50,3
112,50,3
257,50,3
390,50,3
273,50,3
275,50,3
355,50,3
153,50,3
385,50,3
126,52,3
88,57,3
443,57,3
30,63,3
224,63,3
6,77,3
158,79,3
45,79,3
154,79,3
343,79,3
40,82,3
225,82,3
5,82,3
19,85,3
19,89,3
39,90,3
50,95,3
315,95,3
384,95,3
119,97,3
13,99,3
28,99,3
50,99,3
204,105,3
75,105,3
43,105,3
234,105,3
178,105,3
148,105,3
224,107,3
22,109,3
9,119,3
10,119,3
154,120,3
112,120,3
65,121,3
93,121,3
33,126,3
28,132,3
305,137,3
164,140,3
171,140,3
227,140,3
127,140,3
156,140,3
242,140,3
243,140,3
395,140,3
169,140,3
196,140,3
295,140,3
275,140,3
278,140,3
46,142,3
125,142,3
7,146,3
118,146,3
114,146,3
68,146,3
4,146,3
154,146,3
156,146,3
234,146,3
379,146,3
53,146,3
178,146,3
98,146,3
1,147,3
24,147,3
122,147,3
69,147,3
281,147,3
71,147,3
176,147,3
80,147,3
81,147,3
177,147,3
247,147,3
294,147,3
256,147,3
340,147,3
343,147,3
40,159,3
204,163,3
148,165,3
47,167,3
88,174,3
142,182,3
37,182,3
39,182,3
92,185,3
141,191,3
204,192,3
63,192,3
485,192,3
15,196,3
16,196,3
17,196,3
9,196,3
10,196,3
126,196,3
294,196,3
234,198,3
116,198,3
14,200,3
88,205,3
89,205,3
169,205,3
2,206,3
46,206,3
77,206,3
168,210,3
117,214,3
24,214,3
125,214,3
89,217,3
265,217,3
11,218,3
204,219,3
227,219,3
129,219,3
201,219,3
425,219,3
315,219,3
438,219,3
272,219,3
105,219,3
316,227,3
46,231,3
310,232,3
15,236,3
65,236,3
12,236,3
345,236,3
217,236,3
308,236,3
45,236,3
225,236,3
229,236,3
194,236,3
395,236,3
437,236,3
161,236,3
327,236,3
331,236,3
333,236,3
430,236,3
99,236,3
427,236,3
5,241,3
19,242,3
77,242,3
165,243,3
213,243,3
198,243,3
125,243,3
438,243,3
90,246,3
372,252,3
125,253,3
90,253,3
106,253,3
11,260,3
27,260,3
30,260,3
345,260,3
33,260,3
45,260,3
6,260,3
128,260,3
88,260,3
280,260,3
113,260,3
109,261,3
140,261,3
235,261,3
429,261,3
273,261,3
278,261,3
148,261,3
114,271,3
146,271,3
10,281,3
14,281,3
44,289,3
37,290,3
295,290,3
37,296,3
60,299,3
123,299,3
130,299,3
11,301,3
310,301,3
234,301,3
116,301,3
180,303,3
306,303,3
68,303,3
52,303,3
95,303,3
320,303,3
186,303,3
349,303,3
164,304,3
142,304,3
9,304,3
281,304,3
220,304,3
194,304,3
132,304,3
152,304,3
396,304,3
106,304,3
200,304,3
117,307,3
60,307,3
165,307,3
36,307,3
45,307,3
149,307,3
82,307,3
87,307,3
415,307,3
180,310,3
121,310,3
148,310,3
165,313,3
47,313,3
38,314,3
409,317,3
401,317,3
183,317,3
105,317,3
7,327,3
13,327,3
29,327,3
138,327,3
227,327,3
239,327,3
362,327,3
443,327,3
88,341,3
224,342,3
77,342,3
91,342,3
79,353,3
305,355,3
14,355,3
36,356,3
158,356,3
195,360,3
175,362,3
44,362,3
195,362,3
178,362,3
140,366,3
109,370,3
120,370,3
41,370,3
43,370,3
238,370,3
